S.No,Headline
1,Al Jazeera
2,Israeli tanks and troops move deep into Gaza City during ground assault
3,‘Strategic handshake’: How Pakistan is wooing Trump with critical minerals
4,Palestine’s Abbas addresses General Assembly by video after US visa denial
5,Is Russia testing NATO with aerial incursions in Europe?
6,Nicolas Sarkozy found guilty of criminal conspiracy: What we know
7,Denmark reports ‘hybrid attack’ as drones shutter major airport
8,LIVE: Pakistan vs Bangladesh – Asia Cup 2025
9,Japan cuts Africa exchange programme amid fake immigration claims
10,"North Korea building nuclear weapon stockpile, says Seoul"
11,Must Read
12,Greece’s expansive refugee deportation law tests limits of rights in EU
13,Who is Joshua Jahn? What we know about the Dallas ICE facility shooting
14,Who are the artists speaking out against Israel’s war on Gaza?
15,More headlines
16,"‘Bloodiest day’: How Gen-Z protest wave hit India’s Ladakh, killing four"
17,Moldovan oligarch extradited to face charges over $1bn fraud
18,"Italy, Spain send navy ships to protect Gaza flotilla after drone attacks"
19,Opinion
20,Watch Latest Videos
21,Featured
22,"After Trump’s U-turn, can Ukraine restore its pre-war borders?"
23,Indonesia’s thrifty window shoppers cast doubt on economic success story
24,"The $15,000 US visa bond locking Malawians out of the American dream"
25,How New York deals with the influx of leaders at the UN General Assembly
26,"Russia a ‘paper tiger’: How Trump changed his position on Ukraine, NATO"
27,Supermassive black holes not so massive say scientists
28,Most popular
29,Russia says no choice but war after Trump U-turn on Ukraine
30,"Israel strikes Iran’s Isfahan nuclear site, buildings on fire in Tel Aviv"
31,French ex-president Sarkozy gets 5-year jail term in Libya campaign case
32,"Trump demands investigation over escalator, teleprompter ‘sabotage’ at UN"
33,About
34,Connect
35,Our Channels
36,Our Network
